id	title	description	availability	condition	price	sale_price	link	image_link	brand	product_type	gtin
EBOOK-GCPADDC	[E-Book] Guia Completo Para Acabar Com a Destruição Dentro de Casa	Seu cão destrói o sofá, os sapatos e tudo que vê pela frente quando fica sozinho? A culpa não é dele — e provavelmente não é sua também. Você chega em casa cansado e encontra o travesseiro despedaçado, o canto da mesa roído, a sandália nova destruída. Vem a frustração e, logo depois, aquela pergunta: “será que estou fazendo algo errado?” A verdade é que mastigar é instinto. Seu cão não está te castigando — ele só não tem para onde canalizar uma necessidade biológica que está gravada nele desde os...	in stock	new	99.00 BRL		https://www.biobonebrazil.com.br/guia-completo-para-acabar-com-a-destruicao-dentro-de-casa?utm_source=Site&utm_medium=Facebook&utm_campaign=Facebook	https://cdn.awsli.com.br/800x800/2765/2765814/produto/401877167/70c996741ec0427db3adc03d333e2d96-1c11kq3jdp.png	Bio Bone	E-BOOK	
ARC	ARGOLA CANA - MORDIDA FORTE	Conheça a Biobone A Biobone é uma nova geração de produtos para cães: feita à base de plantas, biodegradável e 100% livre de plástico . Criamos uma alternativa real aos materiais sintéticos, unindo tecnologia, segurança e sustentabilidade para atender ao instinto natural de mastigação dos cães. Seu cão ama roer — e a Biobone foi feita exatamente pra isso. 🌱 Do que é feita? A Biobone é produzida através da fermentação do bagaço de cana-de-açúcar — um processo natural, semelhante ao da kombucha ou do pão de...	in stock	new	139.00 BRL		https://www.biobonebrazil.com.br/argola-grande-cana-mordida-forte?utm_source=Site&utm_medium=Facebook&utm_campaign=Facebook	https://cdn.awsli.com.br/800x800/2765/2765814/produto/401557992/b362d8417c48431e8370075c4dfb1282-z9dop7h8fn.png	Zero Plastic	PORTE GRANDE > MORDIDA FORTE	7898975377509
TRIGC	TRIANGULO GRANDE CANA - MORDIDA FORTE	Conheça a Biobone A Biobone é uma nova geração de produtos para cães: feita à base de plantas, biodegradável e 100% livre de plástico . Criamos uma alternativa real aos materiais sintéticos, unindo tecnologia, segurança e sustentabilidade para atender ao instinto natural de mastigação dos cães. Seu cão ama roer — e a Biobone foi feita exatamente pra isso. 🌱 Do que é feita? A Biobone é produzida através da fermentação do bagaço de cana-de-açúcar — um processo natural, semelhante ao da kombucha ou do pão de...	in stock	new	139.00 BRL	125.10 BRL	https://www.biobonebrazil.com.br/triangulo-grande-cana-mordida-forte?utm_source=Site&utm_medium=Facebook&utm_campaign=Facebook	https://cdn.awsli.com.br/800x800/2765/2765814/produto/403286781/8a253fb2041c42c28211ec9f921b9cd4-8lc8bir5ec.png	Zero Plastic	LANÇAMENTOS	7898975377714
14231	CHAVEIRO ARGOLA LARANJA	CHAVEIRO ARGOLA LARANJA	in stock	new	9.90 BRL		https://www.biobonebrazil.com.br/chaveiro-argola-laranja?utm_source=Site&utm_medium=Facebook&utm_campaign=Facebook	https://cdn.awsli.com.br/800x800/2765/2765814/produto/403286818/d6da8ad340fb42c3b1491672326d48b0-7mq28fhkqq.png	Bio Bone	Sem categoria	
14262	ECOBAG BIOBONE - 100% ALGODÃO	Tem peças que a gente usa por necessidade. E tem aquelas que a gente simplesmente quer levar pra todo lugar. A Ecobag BioBone nasceu pra ser assim. 🌿🐾 Feita em 100% algodão, ela une praticidade, estilo e tudo aquilo que faz parte da essência da BioBone. O tecido encorpado, o tamanho versátil e a arte exclusiva transformam uma simples ecobag em uma peça que chama atenção — daquelas que alguém olha e pergunta: “onde você comprou?” É perfeita para acompanhar a rotina inteira: levar as coisas do seu dog no...	in stock	new	99.00 BRL		https://www.biobonebrazil.com.br/ecobag-biobone?utm_source=Site&utm_medium=Facebook&utm_campaign=Facebook	https://cdn.awsli.com.br/800x800/2765/2765814/produto/403569347/b271091a456344a398355c696bb05d46-n4jrl1vd1n.png	Biobone	ACESSÓRIOS	
14213	RAIO MADEIRA DOBROU - MORDIDA EXTRA FORTE	Conheça a Biobone A Biobone é uma nova geração de produtos para cães: feita à base de plantas, biodegradável e 100% livre de plástico . Criamos uma alternativa real aos materiais sintéticos, unindo tecnologia, segurança e sustentabilidade para atender ao instinto natural de mastigação dos cães. Seu cão ama roer — e a Biobone foi feita exatamente pra isso. 🌱 Do que é feita? A Biobone é produzida através da fermentação do bagaço de cana-de-açúcar — um processo natural, semelhante ao da kombucha ou do pão de...	in stock	new	178.00 BRL	89.00 BRL	https://www.biobonebrazil.com.br/raio-madeira?utm_source=Site&utm_medium=Facebook&utm_campaign=Facebook	https://cdn.awsli.com.br/800x800/2765/2765814/produto/403305420/7fa44125712a464791defdb13af58ccc-vmv2suh641.png	Biobone	OFERTAS	
ARCA	ARGOLA CARNE - MORDIDA EXTRA FORTE	Conheça a Biobone A Biobone é uma nova geração de produtos para cães: feita à base de plantas, biodegradável e 100% livre de plástico . Criamos uma alternativa real aos materiais sintéticos, unindo tecnologia, segurança e sustentabilidade para atender ao instinto natural de mastigação dos cães. Seu cão ama roer — e a Biobone foi feita exatamente pra isso. 🌱 Do que é feita? A Biobone é produzida através da fermentação do bagaço de cana-de-açúcar — um processo natural, semelhante ao da kombucha ou do pão de...	in stock	new	139.00 BRL		https://www.biobonebrazil.com.br/argola-grande-carne-mordida-extra-forte?utm_source=Site&utm_medium=Facebook&utm_campaign=Facebook	https://cdn.awsli.com.br/800x800/2765/2765814/produto/401557990/1391bf7d82d644daa8a14824854b34aa-xdmrcyhyn5.png	Zero Plastic	PORTE GRANDE > MORDIDA EXTRA FORTE	7898975377523
RL	RAIO LARANJA - MORDIDA MODERADA	Conheça a Biobone A Biobone é uma nova geração de produtos para cães: feita à base de plantas, biodegradável e 100% livre de plástico . Criamos uma alternativa real aos materiais sintéticos, unindo tecnologia, segurança e sustentabilidade para atender ao instinto natural de mastigação dos cães. Seu cão ama roer — e a Biobone foi feita exatamente pra isso. 🌱 Do que é feita? A Biobone é produzida através da fermentação do bagaço de cana-de-açúcar — um processo natural, semelhante ao da kombucha ou do pão de...	in stock	new	89.00 BRL	82.10 BRL	https://www.biobonebrazil.com.br/raio-laranja-mordida-moderada?utm_source=Site&utm_medium=Facebook&utm_campaign=Facebook	https://cdn.awsli.com.br/800x800/2765/2765814/produto/402201666/d1af4ae547bb405a8ce208b8cd46034b-bbzq56txyh.png	Bio Bone	LANÇAMENTOS	
14234	CHAVEIRO ARGOLA MADEIRA	CHAVEIRO ARGOLA MADEIRA	in stock	new	9.90 BRL		https://www.biobonebrazil.com.br/chaveiro-argola-madeira?utm_source=Site&utm_medium=Facebook&utm_campaign=Facebook	https://cdn.awsli.com.br/800x800/2765/2765814/produto/403286817/7c83a6702d03487e86a4e209226b276c-u7q0o8199b.png	Bio Bone	Sem categoria	
OGM	GIGANTE MADEIRA - MORDIDA EXTRA FORTE	Conheça a Biobone A Biobone é uma nova geração de produtos para cães: feita à base de plantas, biodegradável e 100% livre de plástico . Criamos uma alternativa real aos materiais sintéticos, unindo tecnologia, segurança e sustentabilidade para atender ao instinto natural de mastigação dos cães. Seu cão ama roer — e a Biobone foi feita exatamente pra isso. 🌱 Do que é feita? A Biobone é produzida através da fermentação do bagaço de cana-de-açúcar — um processo natural, semelhante ao da kombucha ou do pão de...	in stock	new	149.00 BRL		https://www.biobonebrazil.com.br/ossao-gigante-fibra-de-madeira?utm_source=Site&utm_medium=Facebook&utm_campaign=Facebook	https://cdn.awsli.com.br/800x800/2765/2765814/produto/339326601/33eaca40887b48368abebcbebc9d0d4d-d2ieygceda.png	Bio Bone	PORTE GRANDE	78989753772002
RCA	RAIO CARNE - MORDIDA EXTRA FORTE	Conheça a Biobone A Biobone é uma nova geração de produtos para cães: feita à base de plantas, biodegradável e 100% livre de plástico . Criamos uma alternativa real aos materiais sintéticos, unindo tecnologia, segurança e sustentabilidade para atender ao instinto natural de mastigação dos cães. Seu cão ama roer — e a Biobone foi feita exatamente pra isso. 🌱 Do que é feita? A Biobone é produzida através da fermentação do bagaço de cana-de-açúcar — um processo natural, semelhante ao da kombucha ou do pão de...	in stock	new	89.00 BRL	82.10 BRL	https://www.biobonebrazil.com.br/raio-carne-mordida-extra-forte?utm_source=Site&utm_medium=Facebook&utm_campaign=Facebook	https://cdn.awsli.com.br/800x800/2765/2765814/produto/402201663/ac1d84b9ea8b4a9190bef662f0620810-60xmyc2tkw.png	Zero Plastic	LANÇAMENTOS	7898975377547
14232	CHAVEIRO RAIO MADEIRA	CHAVEIRO RAIO MADEIRA	in stock	new	9.90 BRL		https://www.biobonebrazil.com.br/chaveiro-raio-madeira?utm_source=Site&utm_medium=Facebook&utm_campaign=Facebook	https://cdn.awsli.com.br/800x800/2765/2765814/produto/403286809/40612ba22b944351bb9cf0320ccde5ce-33u7b665bj.png	Bio Bone	Sem categoria	
TRIPL	TRIANGULO PEQUENO LARANJA - MORDIDA MODERADA	Conheça a Biobone A Biobone é uma nova geração de produtos para cães: feita à base de plantas, biodegradável e 100% livre de plástico . Criamos uma alternativa real aos materiais sintéticos, unindo tecnologia, segurança e sustentabilidade para atender ao instinto natural de mastigação dos cães. Seu cão ama roer — e a Biobone foi feita exatamente pra isso. 🌱 Do que é feita? A Biobone é produzida através da fermentação do bagaço de cana-de-açúcar — um processo natural, semelhante ao da kombucha ou do pão de...	in stock	new	89.00 BRL	82.10 BRL	https://www.biobonebrazil.com.br/triangulo-pequeno-laranja-mordida-moderada?utm_source=Site&utm_medium=Facebook&utm_campaign=Facebook	https://cdn.awsli.com.br/800x800/2765/2765814/produto/403286775/09345e8674b1497b82e17e8a9e2077a7-x3tdg49wsj.png	Zero Plastic	LANÇAMENTOS	7898975377745
RC	RAIO CANA - MORDIDA FORTE	Conheça a Biobone A Biobone é uma nova geração de produtos para cães: feita à base de plantas, biodegradável e 100% livre de plástico . Criamos uma alternativa real aos materiais sintéticos, unindo tecnologia, segurança e sustentabilidade para atender ao instinto natural de mastigação dos cães. Seu cão ama roer — e a Biobone foi feita exatamente pra isso. 🌱 Do que é feita? A Biobone é produzida através da fermentação do bagaço de cana-de-açúcar — um processo natural, semelhante ao da kombucha ou do pão de...	in stock	new	89.00 BRL	80.10 BRL	https://www.biobonebrazil.com.br/raio-cana-mordida-forte?utm_source=Site&utm_medium=Facebook&utm_campaign=Facebook	https://cdn.awsli.com.br/800x800/2765/2765814/produto/402201665/e21d39289e8242e88c82208405a0e2a5-01snqcivog.png	Zero Plastic	LANÇAMENTOS	
14233	CHAVEIRO COGUMELO MADEIRA	CHAVEIRO COGUMELO MADEIRA	in stock	new	9.90 BRL		https://www.biobonebrazil.com.br/chaveiro-cogumelo-madeira?utm_source=Site&utm_medium=Facebook&utm_campaign=Facebook	https://cdn.awsli.com.br/800x800/2765/2765814/produto/403286813/6d28223acb6d493ab3298296dec8a619-4jq6yu9ic9.png	Bio Bone	Sem categoria	
14229	CHAVEIRO RAIO LARANJA	CHAVEIRO RAIO LARANJA	in stock	new	9.90 BRL		https://www.biobonebrazil.com.br/chaveiro-raio-laranja?utm_source=Site&utm_medium=Facebook&utm_campaign=Facebook	https://cdn.awsli.com.br/800x800/2765/2765814/produto/403286811/746a349836dd43acaa9fe55519aa801d-g9b0fpeaj2.png	Bio Bone	Sem categoria	
OGL	GIGANTE LARANJA - MORDIDA MODERADA	Conheça a Biobone A Biobone é uma nova geração de produtos para cães: feita à base de plantas, biodegradável e 100% livre de plástico . Criamos uma alternativa real aos materiais sintéticos, unindo tecnologia, segurança e sustentabilidade para atender ao instinto natural de mastigação dos cães. Seu cão ama roer — e a Biobone foi feita exatamente pra isso. 🌱 Do que é feita? A Biobone é produzida através da fermentação do bagaço de cana-de-açúcar — um processo natural, semelhante ao da kombucha ou do pão de...	in stock	new	149.00 BRL		https://www.biobonebrazil.com.br/ossao-gigante-laranja?utm_source=Site&utm_medium=Facebook&utm_campaign=Facebook	https://cdn.awsli.com.br/800x800/2765/2765814/produto/339323800/10296cad48bb4a3ab2c5684875be3458-3ofwa4bp0p.png	Bio Bone	PORTE GRANDE	7898975377189
B01	Boné Exclusivo Biobone - Feito de plantas	⚡ Boné Biobone — Edição Super Limitada Para quem carrega o lifestyle Biobone dentro e fora dos passeios. Design minimalista, cor marcante e a assinatura “feito de plantas” que traduz o DNA da marca em cada detalhe. Um acessório criado para quem vive o movimento com estilo, propósito e atitude. Produção em edição super limitada. Feito para poucos. ✔ Ajuste confortável e leve ✔ Visual clean e versátil ✔ Peça exclusiva da coleção Biobone Quando acabar, acabou. Biobone não é só para cães. É	in stock	new	129.00 BRL		https://www.biobonebrazil.com.br/bone-01?utm_source=Site&utm_medium=Facebook&utm_campaign=Facebook	https://cdn.awsli.com.br/800x800/2765/2765814/produto/301602750/whatsapp-image-2024-08-22-at-12-04-38--1--w0urpffpk2-hu6grpr614.jpeg	Zero Plastic	Todos os Produtos	
AGL	ASTERISCO GRANDE LARANJA - MORDIDA MODERADA	Conheça a Biobone A Biobone é uma nova geração de produtos para cães: feita à base de plantas, biodegradável e 100% livre de plástico . Criamos uma alternativa real aos materiais sintéticos, unindo tecnologia, segurança e sustentabilidade para atender ao instinto natural de mastigação dos cães. Seu cão ama roer e a Biobone foi feita exatamente pra isso. 🌱 Do que é feita? A Biobone é produzida através da fermentação do bagaço de cana-de-açúcar — um processo natural, semelhante ao da kombucha ou do pão de...	in stock	new	118.00 BRL		https://www.biobonebrazil.com.br/asterisco-grande-laranja?utm_source=Site&utm_medium=Facebook&utm_campaign=Facebook	https://cdn.awsli.com.br/800x800/2765/2765814/produto/352072526/5355effd522f479690d6aa25116db872-06utpkpkzj.png	Zero Plastic	PORTE MÉDIO	7898975377158
TRIPCA	TRIANGULO PEQUENO CARNE - MORDIDA EXTRA FORTE	Conheça a Biobone A Biobone é uma nova geração de produtos para cães: feita à base de plantas, biodegradável e 100% livre de plástico . Criamos uma alternativa real aos materiais sintéticos, unindo tecnologia, segurança e sustentabilidade para atender ao instinto natural de mastigação dos cães. Seu cão ama roer — e a Biobone foi feita exatamente pra isso. 🌱 Do que é feita? A Biobone é produzida através da fermentação do bagaço de cana-de-açúcar — um processo natural, semelhante ao da kombucha ou do pão de...	in stock	new	89.00 BRL	80.10 BRL	https://www.biobonebrazil.com.br/triangulo-pequeno-carne-mordida-extra-forte?utm_source=Site&utm_medium=Facebook&utm_campaign=Facebook	https://cdn.awsli.com.br/800x800/2765/2765814/produto/403286776/2ea223255a184d6482d9ceeea2762806-j8g5wrg5fg.png	Bio Bone	LANÇAMENTOS	7898975377776
TRIPM	TRIANGULO PEQUENO MADEIRA - MORDIDA EXTRA FORTE	Conheça a Biobone A Biobone é uma nova geração de produtos para cães: feita à base de plantas, biodegradável e 100% livre de plástico . Criamos uma alternativa real aos materiais sintéticos, unindo tecnologia, segurança e sustentabilidade para atender ao instinto natural de mastigação dos cães. Seu cão ama roer — e a Biobone foi feita exatamente pra isso. 🌱 Do que é feita? A Biobone é produzida através da fermentação do bagaço de cana-de-açúcar — um processo natural, semelhante ao da kombucha ou do pão de...	in stock	new	89.00 BRL	82.10 BRL	https://www.biobonebrazil.com.br/triangulo-pequeno-madeira-mordida-extra-forte?utm_source=Site&utm_medium=Facebook&utm_campaign=Facebook	https://cdn.awsli.com.br/800x800/2765/2765814/produto/403286774/17da15c1058542849f67042d9c17bc05-2um9pbhmsi.png	Zero Plastic	LANÇAMENTOS	7898975377769
ARM	ARGOLA MADEIRA - MORDIDA EXTRA FORTE	Conheça a Biobone A Biobone é uma nova geração de produtos para cães: feita à base de plantas, biodegradável e 100% livre de plástico . Criamos uma alternativa real aos materiais sintéticos, unindo tecnologia, segurança e sustentabilidade para atender ao instinto natural de mastigação dos cães. Seu cão ama roer — e a Biobone foi feita exatamente pra isso. 🌱 Do que é feita? A Biobone é produzida através da fermentação do bagaço de cana-de-açúcar — um processo natural, semelhante ao da kombucha ou do pão de...	in stock	new	139.00 BRL		https://www.biobonebrazil.com.br/argola-grande-madeira-mordida-extra-forte?utm_source=Site&utm_medium=Facebook&utm_campaign=Facebook	https://cdn.awsli.com.br/800x800/2765/2765814/produto/401557995/3d92e448bbd24699be3c6ed8a821283a-dhy8pkbez6.png	Bio Bone	PORTE GRANDE > MORDIDA EXTRA FORTE	7898975377516
TRIGCA	TRIANGULO GRANDE CARNE - MORDIDA EXTRA FORTE	Conheça a Biobone A Biobone é uma nova geração de produtos para cães: feita à base de plantas, biodegradável e 100% livre de plástico . Criamos uma alternativa real aos materiais sintéticos, unindo tecnologia, segurança e sustentabilidade para atender ao instinto natural de mastigação dos cães. Seu cão ama roer — e a Biobone foi feita exatamente pra isso. 🌱 Do que é feita? A Biobone é produzida através da fermentação do bagaço de cana-de-açúcar — um processo natural, semelhante ao da kombucha ou do pão de...	in stock	new	139.00 BRL	125.10 BRL	https://www.biobonebrazil.com.br/triangulo-grande-carne-mordida-extra-forte?utm_source=Site&utm_medium=Facebook&utm_campaign=Facebook	https://cdn.awsli.com.br/800x800/2765/2765814/produto/403286780/d8ae14a98fe64e81819c99b658875949-vfsgmerk5s.png	Zero Plastic	LANÇAMENTOS	7898975377738
FERCA	FERRADURA CARNE - MORDIDA EXTRA FORTE	Conheça a Biobone A Biobone é uma nova geração de produtos para cães: feita à base de plantas, biodegradável e 100% livre de plástico . Criamos uma alternativa real aos materiais sintéticos, unindo tecnologia, segurança e sustentabilidade para atender ao instinto natural de mastigação dos cães. Seu cão ama roer — e a Biobone foi feita exatamente pra isso. 🌱 Do que é feita? A Biobone é produzida através da fermentação do bagaço de cana-de-açúcar — um processo natural, semelhante ao da kombucha ou do pão de...	in stock	new	69.00 BRL	62.10 BRL	https://www.biobonebrazil.com.br/ferradura-carne-mordida-extra-forte?utm_source=Site&utm_medium=Facebook&utm_campaign=Facebook	https://cdn.awsli.com.br/800x800/2765/2765814/produto/403286803/46dfc9086e404e14a89cd85edb1ed607-mg8knlgsqt.png	Zero Plastic	LANÇAMENTOS	7898975377684
14230	CHAVEIRO COGUMELO LARANJA	CHAVEIRO COGUMELO LARANJA	in stock	new	9.90 BRL		https://www.biobonebrazil.com.br/chaveiro-cogumelo-laranja?utm_source=Site&utm_medium=Facebook&utm_campaign=Facebook	https://cdn.awsli.com.br/800x800/2765/2765814/produto/403286814/100a8d114a0046ed9af5ccfc5068728f-97qkx85j4g.png	Bio Bone	Sem categoria	
BSAC	BioSnacks - Abóbora com Coco	Petisco Natural de Abóbora com Coco – BioBone Saudável, nutritivo e feito com ingredientes que você reconhece! Nosso petisco de Abóbora com Coco é uma opção 100% natural para quem busca oferecer ao pet uma alimentação mais consciente e equilibrada. Feito artesanalmente, à mão, com apenas 6 ingredientes : banana nanica, alfarroba em pó, farinha de aveia sem glúten, ovo e óleo de coco. Nada além disso. Sem conservantes. Sem corantes. Sem aditivos químicos. E claro, sem glúten. A conservação do produto...	in stock	new	39.00 BRL		https://www.biobonebrazil.com.br/biosnacks-abobora-com-coco?utm_source=Site&utm_medium=Facebook&utm_campaign=Facebook	https://cdn.awsli.com.br/800x800/2765/2765814/produto/356143806/7898975377202-5-1geekstvko.png	Bio Bone	PETISCOS	7898975377240
COGM	COGUMELO MADEIRA - MORDIDA EXTRA FORTE	Conheça a Biobone A Biobone é uma nova geração de produtos para cães: feita à base de plantas, biodegradável e 100% livre de plástico . Criamos uma alternativa real aos materiais sintéticos, unindo tecnologia, segurança e sustentabilidade para atender ao instinto natural de mastigação dos cães. Seu cão ama roer — e a Biobone foi feita exatamente pra isso. 🌱 Do que é feita? A Biobone é produzida através da fermentação do bagaço de cana-de-açúcar — um processo natural, semelhante ao da kombucha ou do pão de...	in stock	new	69.00 BRL	62.10 BRL	https://www.biobonebrazil.com.br/cogumelo-madeira-mordida-extra-forte?utm_source=Site&utm_medium=Facebook&utm_campaign=Facebook	https://cdn.awsli.com.br/800x800/2765/2765814/produto/403286805/d215b191a6b24b0e9ba8b396aea51fea-cf2t7pbyfv.png	Zero Plastic	LANÇAMENTOS	7898975377592
14226	CHAVEIRO RAIO CANA	CHAVEIRO RAIO CANA	in stock	new	9.90 BRL		https://www.biobonebrazil.com.br/chaveiro-raio-cana?utm_source=Site&utm_medium=Facebook&utm_campaign=Facebook	https://cdn.awsli.com.br/800x800/2765/2765814/produto/403286812/24f90583d799447ea895a1f4120a254d-w9zjzqgw2r.png	Bio Bone	Sem categoria	
14243	COMBO PORTE G - MORDIDA FORTE	Projetado para cães de grande porte. Traz mordedores robustos e de maior resistência, prontos para suportar forças de mordida intensas. Neste combo contém: 1 Ossão Gigante Forte Cana - Dimensões 8 x 23 cm 1 Argola Grande Forte Cana - Dimensões 15 x 15 cm 1 Triângulo Grande Forte Cana - Dimensões 16 x 16 cm 1 Asterisco Grande Forte Cana - Dimensões 15 x 15 cm Composição: Biocomposto vegetal, fibra de cana desidratada, espirulina, cálcio e pigmento de grau	in stock	new	545.00 BRL	327.00 BRL	https://www.biobonebrazil.com.br/porte-g-mordida-forte?utm_source=Site&utm_medium=Facebook&utm_campaign=Facebook	https://cdn.awsli.com.br/800x800/2765/2765814/produto/403449051/41b3bfea2096b0ba633732850ae0c354-wv6fm4eynj.png	Biobone	OFERTAS	
PMEX	PEIXE PORTE PEQUENO - MORDIDA EXTRA FORTE	Conheça a Biobone A Biobone é uma nova geração de produtos para cães: feita à base de plantas, biodegradável e 100% livre de plástico . Criamos uma alternativa real aos materiais sintéticos, unindo tecnologia, segurança e sustentabilidade para atender ao instinto natural de mastigação dos cães. Seu cão ama roer — e a Biobone foi feita exatamente pra isso. 🌱 Do que é feita? A Biobone é produzida através da fermentação do bagaço de cana-de-açúcar — um processo natural, semelhante ao da kombucha ou do pão de...	in stock	new	34.90 BRL		https://www.biobonebrazil.com.br/peixe-mordida-extra-forte?utm_source=Site&utm_medium=Facebook&utm_campaign=Facebook	https://cdn.awsli.com.br/800x800/2765/2765814/produto/400478065/89606e4e2ec44adb8e7cf8d9bb3165b6-y7viwi0mfy.png	Zero Plastic	PORTE PEQUENO > MORDIDA EXTRA FORTE	7898975377486
AGM	ASTERISCO GRANDE MADEIRA - MORDIDA EXTRA FORTE	Conheça a Biobone A Biobone é uma nova geração de produtos para cães: feita à base de plantas, biodegradável e 100% livre de plástico . Criamos uma alternativa real aos materiais sintéticos, unindo tecnologia, segurança e sustentabilidade para atender ao instinto natural de mastigação dos cães. Seu cão ama roer — e a Biobone foi feita exatamente pra isso. 🌱 Do que é feita? A Biobone é produzida através da fermentação do bagaço de cana-de-açúcar — um processo natural, semelhante ao da kombucha ou do pão de...	in stock	new	118.00 BRL		https://www.biobonebrazil.com.br/asterisco-grande-madeira?utm_source=Site&utm_medium=Facebook&utm_campaign=Facebook	https://cdn.awsli.com.br/800x800/2765/2765814/produto/352073920/06bfc9b38d7c4d609ab5169a8bc57e81-4yc0smdwgl.png	Zero Plastic	PORTE MÉDIO > MORDIDA EXTRA FORTE	7898975377172
MPCA	OSSINHO CARNE - MORDIDA EXTRA FORTE	Conheça a Biobone A Biobone é uma nova geração de produtos para cães: feita à base de plantas, biodegradável e 100% livre de plástico . Criamos uma alternativa real aos materiais sintéticos, unindo tecnologia, segurança e sustentabilidade para atender ao instinto natural de mastigação dos cães. Seu cão ama roer — e a Biobone foi feita exatamente pra isso. 🌱 Do que é feita? A Biobone é produzida através da fermentação do bagaço de cana-de-açúcar — um processo natural, semelhante ao da kombucha ou do pão de...	in stock	new	45.00 BRL		https://www.biobonebrazil.com.br/ossinho-sabor-madeira-mordida-extra-forte?utm_source=Site&utm_medium=Facebook&utm_campaign=Facebook	https://cdn.awsli.com.br/800x800/2765/2765814/produto/390518978/702a13ebfbb24e98b24d4d436f360e4b-g4ay0mz4ln.png	Zero Plastic	PORTE PEQUENO > MORDIDA EXTRA FORTE	7898975377318
MGCAF	OSSÃO 2.0 RECHEAVEL CARNE - MORDIDA FORTE	Conheça a Biobone A Biobone é uma nova geração de produtos para cães: feita à base de plantas, biodegradável e 100% livre de plástico . Criamos uma alternativa real aos materiais sintéticos, unindo tecnologia, segurança e sustentabilidade para atender ao instinto natural de mastigação dos cães. Seu cão ama roer — e a Biobone foi feita exatamente pra isso. 🌱 Do que é feita? A Biobone é produzida através da fermentação do bagaço de cana-de-açúcar — um processo natural, semelhante ao da kombucha ou do pão de...	in stock	new	65.00 BRL		https://www.biobonebrazil.com.br/ossao-grande-carne-mordida-forte?utm_source=Site&utm_medium=Facebook&utm_campaign=Facebook	https://cdn.awsli.com.br/800x800/2765/2765814/produto/399775074/c1a78652d5054e96a375021fa2bbdcac-33g60maa7u.png	Zero Plastic	PORTE MÉDIO > MORDIDA FORTE	7898975377448
PMM	PEIXE PORTE PEQUENO - MORDIDA MODERADA	Conheça a Biobone A Biobone é uma nova geração de produtos para cães: feita à base de plantas, biodegradável e 100% livre de plástico . Criamos uma alternativa real aos materiais sintéticos, unindo tecnologia, segurança e sustentabilidade para atender ao instinto natural de mastigação dos cães. Seu cão ama roer — e a Biobone foi feita exatamente pra isso. 🌱 Do que é feita? A Biobone é produzida através da fermentação do bagaço de cana-de-açúcar — um processo natural, semelhante ao da kombucha ou do pão de...	in stock	new	34.90 BRL		https://www.biobonebrazil.com.br/peixe-mordida-moderada?utm_source=Site&utm_medium=Facebook&utm_campaign=Facebook	https://cdn.awsli.com.br/800x800/2765/2765814/produto/400477944/f913ddd486a344b3aa4aed4af247da63-9bc781bju8.png	Zero Plastic	PORTE PEQUENO > MORDIDA MODERADA	7898975377462
BSEE	BioSnacks - Espinafre com Ervas Finas	Petisco Natural de Espinafre com Ervas Finas – BioBone Saudável, nutritivo e feito com ingredientes que você reconhece! Nosso petisco de Espinafre com Ervas Finas é uma opção 100% natural para quem busca oferecer ao pet uma alimentação mais consciente e equilibrada. Feito artesanalmente, à mão, com apenas 6 ingredientes : espinafre, ovo, farinha de aveia, azeite, orégano e manjericão. Nada além disso. Sem conservantes. Sem corantes. Sem aditivos químicos. E claro, sem glúten. A conservação do produto...	in stock	new	39.00 BRL		https://www.biobonebrazil.com.br/copia-de-biosnacks-banana-com-alfarroba-em-07042025-as-210911?utm_source=Site&utm_medium=Facebook&utm_campaign=Facebook	https://cdn.awsli.com.br/800x800/2765/2765814/produto/346651788/7898975377202-4-158erb09r7.png	Zero Plastic	PETISCOS	7898975377219
PMF	PEIXE PORTE PEQUENO - MORDIDA FORTE	Conheça a Biobone A Biobone é uma nova geração de produtos para cães: feita à base de plantas, biodegradável e 100% livre de plástico . Criamos uma alternativa real aos materiais sintéticos, unindo tecnologia, segurança e sustentabilidade para atender ao instinto natural de mastigação dos cães. Seu cão ama roer — e a Biobone foi feita exatamente pra isso. 🌱 Do que é feita? A Biobone é produzida através da fermentação do bagaço de cana-de-açúcar — um processo natural, semelhante ao da kombucha ou do pão de...	in stock	new	34.90 BRL		https://www.biobonebrazil.com.br/peixe-mordida-forte?utm_source=Site&utm_medium=Facebook&utm_campaign=Facebook	https://cdn.awsli.com.br/800x800/2765/2765814/produto/400478009/fa9556f7a1384d9196b87113148922bf-rh04gmchw4.png	Zero Plastic	PORTE PEQUENO > MORDIDA FORTE	7898975377479
MGC	OSSÃO 2.0 RECHEAVEL CANA - MORDIDA FORTE	Conheça a Biobone A Biobone é uma nova geração de produtos para cães: feita à base de plantas, biodegradável e 100% livre de plástico . Criamos uma alternativa real aos materiais sintéticos, unindo tecnologia, segurança e sustentabilidade para atender ao instinto natural de mastigação dos cães. Seu cão ama roer — e a Biobone foi feita exatamente pra isso. 🌱 Do que é feita? A Biobone é produzida através da fermentação do bagaço de cana-de-açúcar — um processo natural, semelhante ao da kombucha ou do pão de...	in stock	new	65.00 BRL		https://www.biobonebrazil.com.br/biobone-ossao-mordidas-forte-fibra-de-cana-de-acucar?utm_source=Site&utm_medium=Facebook&utm_campaign=Facebook	https://cdn.awsli.com.br/800x800/2765/2765814/produto/301602238/80ce6977ade0408ba96d44bdb95b06ed-mjia1kpt0k.png	Zero Plastic	PORTE MÉDIO	
MGCAM	OSSÃO 2.0 RECHEAVEL CARNE - MORDIDA MODERADA	Conheça a Biobone A Biobone é uma nova geração de produtos para cães: feita à base de plantas, biodegradável e 100% livre de plástico . Criamos uma alternativa real aos materiais sintéticos, unindo tecnologia, segurança e sustentabilidade para atender ao instinto natural de mastigação dos cães. Seu cão ama roer — e a Biobone foi feita exatamente pra isso. 🌱 Do que é feita? A Biobone é produzida através da fermentação do bagaço de cana-de-açúcar — um processo natural, semelhante ao da kombucha ou do pão de...	in stock	new	65.00 BRL		https://www.biobonebrazil.com.br/ossao-grande-carne-mordida-moderada?utm_source=Site&utm_medium=Facebook&utm_campaign=Facebook	https://cdn.awsli.com.br/800x800/2765/2765814/produto/399750686/7ab54280e0cb403db312845479bd03ba-wgbmmb59ad.png	Zero Plastic	PORTE MÉDIO > MORDIDA MODERADA	7898975377431
14268	RAIO MADEIRA + OSSÃO - MORDIDA EXTRA FORTE	Conheça a Biobone A Biobone é uma nova geração de produtos para cães: feita à base de plantas, biodegradável e 100% livre de plástico . Criamos uma alternativa real aos materiais sintéticos, unindo tecnologia, segurança e sustentabilidade para atender ao instinto natural de mastigação dos cães. Seu cão ama roer — e a Biobone foi feita exatamente pra isso. 🌱 Do que é feita? A Biobone é produzida através da fermentação do bagaço de cana-de-açúcar — um processo natural, semelhante ao da kombucha ou do pão de...	in stock	new	154.00 BRL	92.40 BRL	https://www.biobonebrazil.com.br/raio-madeira-ossao-mordida-extra-forte?utm_source=Site&utm_medium=Facebook&utm_campaign=Facebook	https://cdn.awsli.com.br/800x800/2765/2765814/produto/403680564/e3d856d485aa56f2c37b52d6ad70f396-rqipk3nxc0.png	Bio Bone	PORTE MÉDIO > MORDIDA FORTE	
14237	COMBO PORTE P - MORDIDA FORTE	Combo ideal para cães de pequeno porte. Inclui mordedores anatômicos de dimensões reduzidas que facilitam a preensão e estimulam a mastigação saudável e o entretenimento do pet. Neste combo contém: 1 Ossinho Forte Cana - Dimensões 3,5 x 14 cm 1 Cogumelo Forte Cana - Dimensões 7,6 x 8,8 cm 1 Ferradura Forte Cana - Dimensões 9,5 x 10,8 cm Composição: Biocomposto vegetal, fibra de cana desidratada, espirulina, cálcio e pigmento de grau alimentício. 1 Peixe Forte - Dimensões 3 x 13 cm Composição: Biocomposto...	in stock	new	217.90 BRL	152.53 BRL	https://www.biobonebrazil.com.br/porte-p-mordida-forte?utm_source=Site&utm_medium=Facebook&utm_campaign=Facebook	https://cdn.awsli.com.br/800x800/2765/2765814/produto/403449057/295e1517200191cbf973a5d41493cb73-gkic1weup3.png	Bio Bone	OFERTAS	
14210	RAIO CANA DOBROU - MORDIDA FORTE	Combo ideal para cães de pequeno e médio porte. Mordedores com formatos dinâmicos que facilitam a preensão e estimulam a mastigação saudável de forma divertida. Neste combo contém: 2 Raio Forte Cana - Dimensões 8,3 x 16 cm Composição: Biocomposto vegetal, fibra de cana desidratada, espirulina, cálcio e pigmento de grau	in stock	new	178.00 BRL	89.00 BRL	https://www.biobonebrazil.com.br/raio-cana?utm_source=Site&utm_medium=Facebook&utm_campaign=Facebook	https://cdn.awsli.com.br/800x800/2765/2765814/produto/403305416/7db84124d01c4941b1fb80c731430270-sa8cgmgeub.png	Biobone	PORTE MÉDIO > MORDIDA FORTE	
14272	ARGOLA + GIGANTE - MORDIDA FORTE	Une dois mordedores robustos com propostas diferentes para a rotina do pet. A Argola também permite brincadeiras interativas, como cabo de guerra entre o cão e seu tutor, enquanto o Ossão Gigante oferece uma estrutura maior para os momentos de roer. Uma combinação que contribui para o enriquecimento ambiental e a interação com o pet. Neste combo contém: 1 Argola Grande Forte Cana - Dimensões 15 x 15 cm 1 Ossão Gigante forte - Dimensões 8 x 23 cm Composição: Biocomposto vegetal, fibra de cana desidratada,...	in stock	new	288.00 BRL	172.80 BRL	https://www.biobonebrazil.com.br/argola-gigante-mordida-forte?utm_source=Site&utm_medium=Facebook&utm_campaign=Facebook	https://cdn.awsli.com.br/800x800/2765/2765814/produto/403680560/79fa4dc49d3c2ac1036874f7df3a05a5-siocmgr69c.png	Bio Bone	PORTE GRANDE > MORDIDA FORTE	
ARL	ARGOLA LARANJA - MORDIDA MODERADA	Conheça a Biobone A Biobone é uma nova geração de produtos para cães: feita à base de plantas, biodegradável e 100% livre de plástico . Criamos uma alternativa real aos materiais sintéticos, unindo tecnologia, segurança e sustentabilidade para atender ao instinto natural de mastigação dos cães. Seu cão ama roer — e a Biobone foi feita exatamente pra isso. 🌱 Do que é feita? A Biobone é produzida através da fermentação do bagaço de cana-de-açúcar — um processo natural, semelhante ao da kombucha ou do pão de...	in stock	new	139.00 BRL		https://www.biobonebrazil.com.br/argola-grande-laranja-mordida-moderada?utm_source=Site&utm_medium=Facebook&utm_campaign=Facebook	https://cdn.awsli.com.br/800x800/2765/2765814/produto/401557994/6f927a7d9d6f4eceb749b53dfd98ab65-06biguxz7q.png	Zero Plastic	PORTE GRANDE > MORDIDA MODERADA	7898975377493
AGCA	ASTERISCO GRANDE CARNE - MORDIDA EXTRA FORTE	Conheça a Biobone A Biobone é uma nova geração de produtos para cães: feita à base de plantas, biodegradável e 100% livre de plástico . Criamos uma alternativa real aos materiais sintéticos, unindo tecnologia, segurança e sustentabilidade para atender ao instinto natural de mastigação dos cães. Seu cão ama roer — e a Biobone foi feita exatamente pra isso. 🌱 Do que é feita? A Biobone é produzida através da fermentação do bagaço de cana-de-açúcar — um processo natural, semelhante ao da kombucha ou do pão de...	in stock	new	118.00 BRL		https://www.biobonebrazil.com.br/asterisco-grande-carne-mordida-forte?utm_source=Site&utm_medium=Facebook&utm_campaign=Facebook	https://cdn.awsli.com.br/800x800/2765/2765814/produto/381917233/d534bafcd1204eecaa11d855e34523bc-agkdfpfacb.png	Zero Plastic	PORTE MÉDIO > MORDIDA EXTRA FORTE	7898975377295
FERL	FERRADURA LARANJA - MORDIDA MODERADA	Conheça a Biobone A Biobone é uma nova geração de produtos para cães: feita à base de plantas, biodegradável e 100% livre de plástico . Criamos uma alternativa real aos materiais sintéticos, unindo tecnologia, segurança e sustentabilidade para atender ao instinto natural de mastigação dos cães. Seu cão ama roer — e a Biobone foi feita exatamente pra isso. 🌱 Do que é feita? A Biobone é produzida através da fermentação do bagaço de cana-de-açúcar — um processo natural, semelhante ao da kombucha ou do pão de...	in stock	new	69.00 BRL	62.10 BRL	https://www.biobonebrazil.com.br/ferradura-laranja-mordida-moderada?utm_source=Site&utm_medium=Facebook&utm_campaign=Facebook	https://cdn.awsli.com.br/800x800/2765/2765814/produto/403286802/b6a032dbb0de427fac7d7503a3b8fd68-ti54jsgn6g.png	Zero Plastic	LANÇAMENTOS	7898975377653
OGC	GIGANTE CANA - MORDIDA FORTE	Conheça a Biobone A Biobone é uma nova geração de produtos para cães: feita à base de plantas, biodegradável e 100% livre de plástico . Criamos uma alternativa real aos materiais sintéticos, unindo tecnologia, segurança e sustentabilidade para atender ao instinto natural de mastigação dos cães. Seu cão ama roer — e a Biobone foi feita exatamente pra isso. 🌱 Do que é feita? A Biobone é produzida através da fermentação do bagaço de cana-de-açúcar — um processo natural, semelhante ao da kombucha ou do pão de...	in stock	new	149.00 BRL		https://www.biobonebrazil.com.br/ossao-gigante-cana-de-acucar?utm_source=Site&utm_medium=Facebook&utm_campaign=Facebook	https://cdn.awsli.com.br/800x800/2765/2765814/produto/339326139/e5d55aed9b2b4f0780e5a1bab61e09a4-rli5jvyszi.png	Zero Plastic	PORTE GRANDE	7898975377196
14227	CHAVEIRO COGUMELO CANA	CHAVEIRO COGUMELO CANA	in stock	new	9.90 BRL		https://www.biobonebrazil.com.br/chaveiro-cogumelo-cana?utm_source=Site&utm_medium=Facebook&utm_campaign=Facebook	https://cdn.awsli.com.br/800x800/2765/2765814/produto/403286815/e3599667b01b4dc9800542265f0f2f0f-eifl63nni9.png	Bio Bone	Sem categoria	
MPCAF	OSSINHO CARNE - MORDIDA FORTE	Conheça a Biobone A Biobone é uma nova geração de produtos para cães: feita à base de plantas, biodegradável e 100% livre de plástico . Criamos uma alternativa real aos materiais sintéticos, unindo tecnologia, segurança e sustentabilidade para atender ao instinto natural de mastigação dos cães. Seu cão ama roer — e a Biobone foi feita exatamente pra isso. 🌱 Do que é feita? A Biobone é produzida através da fermentação do bagaço de cana-de-açúcar — um processo natural, semelhante ao da kombucha ou do pão de...	in stock	new	45.00 BRL		https://www.biobonebrazil.com.br/ossinho-pequeno-carne-mordida-forte?utm_source=Site&utm_medium=Facebook&utm_campaign=Facebook	https://cdn.awsli.com.br/800x800/2765/2765814/produto/399750168/d3c5884620b44390bed21763a20efa68-4ks8u7xcwq.png	Zero Plastic	PORTE PEQUENO > MORDIDA FORTE	7898975377424
APCAA	ASTERISCO PEQUENO CARNE - MORDIDA EXTRA FORTE	Conheça a Biobone A Biobone é uma nova geração de produtos para cães: feita à base de plantas, biodegradável e 100% livre de plástico . Criamos uma alternativa real aos materiais sintéticos, unindo tecnologia, segurança e sustentabilidade para atender ao instinto natural de mastigação dos cães. Seu cão ama roer — e a Biobone foi feita exatamente pra isso. 🌱 Do que é feita? A Biobone é produzida através da fermentação do bagaço de cana-de-açúcar — um processo natural, semelhante ao da kombucha ou do pão de...	in stock	new	79.00 BRL		https://www.biobonebrazil.com.br/asterisco-pequeno-sabor-carne-mordida-extra-forte?utm_source=Site&utm_medium=Facebook&utm_campaign=Facebook	https://cdn.awsli.com.br/800x800/2765/2765814/produto/390809629/60b92598bb6c4f22b17b1649e53f6840-n89dg9qdrk.png	Zero Plastic	PORTE PEQUENO > MORDIDA EXTRA FORTE	7898975377288
OGCA	GIGANTE CARNE - MORDIDA EXTRA FORTE	Conheça a Biobone A Biobone é uma nova geração de produtos para cães: feita à base de plantas, biodegradável e 100% livre de plástico . Criamos uma alternativa real aos materiais sintéticos, unindo tecnologia, segurança e sustentabilidade para atender ao instinto natural de mastigação dos cães. Seu cão ama roer — e a Biobone foi feita exatamente pra isso. 🌱 Do que é feita? A Biobone é produzida através da fermentação do bagaço de cana-de-açúcar — um processo natural, semelhante ao da kombucha ou do pão de...	in stock	new	149.00 BRL		https://www.biobonebrazil.com.br/gigante-sabor-carne-mordida-extra-forte?utm_source=Site&utm_medium=Facebook&utm_campaign=Facebook	https://cdn.awsli.com.br/800x800/2765/2765814/produto/390517967/6db0266d829640a08d3c0d66b60ae9c4-0mk974bcus.png	Zero Plastic	PORTE GRANDE > MORDIDA EXTRA FORTE	7898975377325
COGC	COGUMELO CANA - MORDIDA FORTE	Conheça a Biobone A Biobone é uma nova geração de produtos para cães: feita à base de plantas, biodegradável e 100% livre de plástico . Criamos uma alternativa real aos materiais sintéticos, unindo tecnologia, segurança e sustentabilidade para atender ao instinto natural de mastigação dos cães. Seu cão ama roer — e a Biobone foi feita exatamente pra isso. 🌱 Do que é feita? A Biobone é produzida através da fermentação do bagaço de cana-de-açúcar — um processo natural, semelhante ao da kombucha ou do pão de...	in stock	new	69.00 BRL	62.10 BRL	https://www.biobonebrazil.com.br/cogumelo-cana-mordida-forte?utm_source=Site&utm_medium=Facebook&utm_campaign=Facebook	https://cdn.awsli.com.br/800x800/2765/2765814/produto/403286808/0271d060736f49718df2994d341e49be-4xbcbom5pl.png	Zero Plastic	LANÇAMENTOS	7898975377585
TRIGL	TRIANGULO GRANDE LARANJA - MORDIDA MODERADA	Conheça a Biobone A Biobone é uma nova geração de produtos para cães: feita à base de plantas, biodegradável e 100% livre de plástico . Criamos uma alternativa real aos materiais sintéticos, unindo tecnologia, segurança e sustentabilidade para atender ao instinto natural de mastigação dos cães. Seu cão ama roer — e a Biobone foi feita exatamente pra isso. 🌱 Do que é feita? A Biobone é produzida através da fermentação do bagaço de cana-de-açúcar — um processo natural, semelhante ao da kombucha ou do pão de...	in stock	new	139.00 BRL	125.10 BRL	https://www.biobonebrazil.com.br/triangulo-grande-laranja-mordida-moderada?utm_source=Site&utm_medium=Facebook&utm_campaign=Facebook	https://cdn.awsli.com.br/800x800/2765/2765814/produto/403286779/6802bd4be00248a99eb282b6101f2f1d-22x7brus2v.png	Zero Plastic	LANÇAMENTOS	7898975377707
TRIPC	TRIANGULO PEQUENO CANA - MORDIDA FORTE	Conheça a Biobone A Biobone é uma nova geração de produtos para cães: feita à base de plantas, biodegradável e 100% livre de plástico . Criamos uma alternativa real aos materiais sintéticos, unindo tecnologia, segurança e sustentabilidade para atender ao instinto natural de mastigação dos cães. Seu cão ama roer — e a Biobone foi feita exatamente pra isso. 🌱 Do que é feita? A Biobone é produzida através da fermentação do bagaço de cana-de-açúcar — um processo natural, semelhante ao da kombucha ou do pão de...	in stock	new	89.00 BRL	82.10 BRL	https://www.biobonebrazil.com.br/triangulo-pequeno-cana-mordida-forte?utm_source=Site&utm_medium=Facebook&utm_campaign=Facebook	https://cdn.awsli.com.br/800x800/2765/2765814/produto/403286777/4c83713a7f4343699aa914ccb960f113-pjy0goi708.png	Zero Plastic	LANÇAMENTOS	7898975377752
FERM	FERRADURA MADEIRA - MORDIDA EXTRA FORTE	Conheça a Biobone A Biobone é uma nova geração de produtos para cães: feita à base de plantas, biodegradável e 100% livre de plástico . Criamos uma alternativa real aos materiais sintéticos, unindo tecnologia, segurança e sustentabilidade para atender ao instinto natural de mastigação dos cães. Seu cão ama roer — e a Biobone foi feita exatamente pra isso. 🌱 Do que é feita? A Biobone é produzida através da fermentação do bagaço de cana-de-açúcar — um processo natural, semelhante ao da kombucha ou do pão de...	in stock	new	69.00 BRL		https://www.biobonebrazil.com.br/ferradura-madeira-mordida-extra-forte?utm_source=Site&utm_medium=Facebook&utm_campaign=Facebook	https://cdn.awsli.com.br/800x800/2765/2765814/produto/403286801/5676e4d41bc24389b392440d378f7704-mx9sm8l3yz.png	Zero Plastic	LANÇAMENTOS	7898975377677
14250	COGUMELO LARANJA DOBROU - MORDIDA MODERADA	Combo ideal para cães de pequeno porte. Inclui mordedores anatômicos de dimensões reduzidas que facilitam a preensão e estimulam a mastigação e o instinto de roer. Neste combo contém: 2 Cogumelo moderado laranja - Dimensões 7,6 x 8,8 cm Composição: Biocomposto vegetal, fibra de laranja desidratada, cálcio e pigmento de grau	in stock	new	138.00 BRL	69.00 BRL	https://www.biobonebrazil.com.br/cogumelo-laranja?utm_source=Site&utm_medium=Facebook&utm_campaign=Facebook	https://cdn.awsli.com.br/800x800/2765/2765814/produto/403544151/4bd9dd7e6ca67d23755c3a12905e7fc0-basf5bfstu.png	Zero Plastic	PORTE PEQUENO > MORDIDA MODERADA	7898975377578
TRIGM	TRIANGULO GRANDE MADEIRA - EXTRA FORTE	Conheça a Biobone A Biobone é uma nova geração de produtos para cães: feita à base de plantas, biodegradável e 100% livre de plástico . Criamos uma alternativa real aos materiais sintéticos, unindo tecnologia, segurança e sustentabilidade para atender ao instinto natural de mastigação dos cães. Seu cão ama roer — e a Biobone foi feita exatamente pra isso. 🌱 Do que é feita? A Biobone é produzida através da fermentação do bagaço de cana-de-açúcar — um processo natural, semelhante ao da kombucha ou do pão de...	in stock	new	139.00 BRL	125.10 BRL	https://www.biobonebrazil.com.br/triangulo-grande-madeira-mordida-extra-forte?utm_source=Site&utm_medium=Facebook&utm_campaign=Facebook	https://cdn.awsli.com.br/800x800/2765/2765814/produto/403286778/bd4184083c1541fb8bad8ae64ed9ee5b-o36ldsqtpg.png	Bio Bone	LANÇAMENTOS	7898975377721
APM	ASTERISCO PEQUENO MADEIRA - MORDIDA EXTRA FORTE	Conheça a Biobone A Biobone é uma nova geração de produtos para cães: feita à base de plantas, biodegradável e 100% livre de plástico . Criamos uma alternativa real aos materiais sintéticos, unindo tecnologia, segurança e sustentabilidade para atender ao instinto natural de mastigação dos cães. Seu cão ama roer — e a Biobone foi feita exatamente pra isso. 🌱 Do que é feita? A Biobone é produzida através da fermentação do bagaço de cana-de-açúcar — um processo natural, semelhante ao da kombucha ou do pão de...	in stock	new	79.00 BRL		https://www.biobonebrazil.com.br/asterisco-pequeno-madeira?utm_source=Site&utm_medium=Facebook&utm_campaign=Facebook	https://cdn.awsli.com.br/800x800/2765/2765814/produto/352074036/f133780decc946d8959d2d19e8ee419a-pnrsh2n3k6.png	Zero Plastic	PORTE PEQUENO	7898975377141
MPCAM	OSSINHO CARNE - MORDIDA MODERADA	Conheça a Biobone A Biobone é uma nova geração de produtos para cães: feita à base de plantas, biodegradável e 100% livre de plástico . Criamos uma alternativa real aos materiais sintéticos, unindo tecnologia, segurança e sustentabilidade para atender ao instinto natural de mastigação dos cães. Seu cão ama roer — e a Biobone foi feita exatamente pra isso. 🌱 Do que é feita? A Biobone é produzida através da fermentação do bagaço de cana-de-açúcar — um processo natural, semelhante ao da kombucha ou do pão de...	in stock	new	45.00 BRL		https://www.biobonebrazil.com.br/ossinho-pequeno-carne-mordida-moderada?utm_source=Site&utm_medium=Facebook&utm_campaign=Facebook	https://cdn.awsli.com.br/800x800/2765/2765814/produto/399749019/e7fc13109c7241eba14c1a8acfadd644-xbphikj8gu.png	Zero Plastic	PORTE PEQUENO > MORDIDA MODERADA	7898975377417
14238	COMBO PORTE P - MORDIDA EXTRA FORTE	Combo ideal para cães de pequeno porte. Inclui mordedores anatômicos de dimensões reduzidas que facilitam a preensão e estimulam a mastigação saudável e o entretenimento do pet. Neste combo contém: 1 Ossinho extra forte carne - Dimensões 3,5 x 14 cm 1 Cogumelo extra forte carne - Dimensões 7,6 x 8,8 cm 1 Ferradura extra forte carne - Dimensões 9,5 x 10,8 cm Composição: Biocomposto vegetal, carne bovina desidratada e fibra de madeira. 1 Peixe extra forte - Dimensões 3 x 13 cm Composição: Biocomposto...	in stock	new	217.90 BRL	152.53 BRL	https://www.biobonebrazil.com.br/porte-p-mordida-extra-forte?utm_source=Site&utm_medium=Facebook&utm_campaign=Facebook	https://cdn.awsli.com.br/800x800/2765/2765814/produto/403449056/c8e369e5afa40b823af40d04082167da-z5nvpvtym5.png	Bio Bone	OFERTAS	
COGL	COGUMELO LARANJA - MORDIDA MODERADA	Conheça a Biobone A Biobone é uma nova geração de produtos para cães: feita à base de plantas, biodegradável e 100% livre de plástico . Criamos uma alternativa real aos materiais sintéticos, unindo tecnologia, segurança e sustentabilidade para atender ao instinto natural de mastigação dos cães. Seu cão ama roer — e a Biobone foi feita exatamente pra isso. 🌱 Do que é feita? A Biobone é produzida através da fermentação do bagaço de cana-de-açúcar — um processo natural, semelhante ao da kombucha ou do pão de...	in stock	new	69.00 BRL	62.10 BRL	https://www.biobonebrazil.com.br/cogumelo-laranja-mordida-moderada?utm_source=Site&utm_medium=Facebook&utm_campaign=Facebook	https://cdn.awsli.com.br/800x800/2765/2765814/produto/403286806/3bdeaf9dace64a7ab1484b94d85a613a-wsc6rn1ilh.png	Bio Bone	LANÇAMENTOS	7898975377578
14253	COGUMELO CANA DOBROU - MORDIDA FORTE	Combo ideal para cães de pequeno porte. Inclui mordedores anatômicos de dimensões reduzidas que facilitam a preensão e estimulam a mastigação e o instinto de roer. Neste combo contém: 2 Cogumelo Forte Cana - Dimensões 7,6 x 8,8 cm Composição: Biocomposto vegetal, fibra de cana desidratada, espirulina, cálcio e pigmento de grau	in stock	new	138.00 BRL	69.00 BRL	https://www.biobonebrazil.com.br/cogumelo-cana?utm_source=Site&utm_medium=Facebook&utm_campaign=Facebook	https://cdn.awsli.com.br/800x800/2765/2765814/produto/403544140/f0af834cd506a8a6a9a4fff845e8a255-qu34ap59ao.png	Zero Plastic	PORTE PEQUENO > MORDIDA FORTE	7898975377585
14240	COMBO PORTE M - MORDIDA FORTE	Desenvolvido para cães de porte médio. Combina mordedores com peso e ergonomia adequados para garantir encaixe perfeito nas patas e mandíbulas intermediárias. Neste combo contém: 1 Ossão Médio Forte Cana - Dimensões 8 x 15,6 cm 1 Raio forte Cana - Dimensões 8,3 x 16 cm 1 Triângulo Pequeno Forte Cana - Dimensões 13 x 12,6 cm Composição: Biocomposto vegetal, fibra de cana desidratada, espirulina, cálcio e pigmento de grau alimentício. 1 Graveto Extra forte - Dimensões 3 x 17 cm Composição: Biocomposto...	in stock	new	322.00 BRL	209.30 BRL	https://www.biobonebrazil.com.br/porte-m-mordida-forte?utm_source=Site&utm_medium=Facebook&utm_campaign=Facebook	https://cdn.awsli.com.br/800x800/2765/2765814/produto/403449054/9512255166bff59984142bd67a8b643e-z6sk8tpeuq.png	Bio Bone	OFERTAS	
14241	COMBO PORTE M - MORDIDA EXTRA FORTE	Desenvolvido para cães de porte médio. Combina mordedores com peso e ergonomia adequados para garantir encaixe perfeito nas patas e mandíbulas intermediárias. Neste combo contém: 1 Ossão Médio extra forte carne - Dimensões 8 x 15,6 cm 1 Raio extra forte carne - Dimensões 8,3 x 16 cm 1 Triângulo Pequeno extra forte carne - Dimensões 13 x 12,6 cm Composição: Biocomposto vegetal, carne bovina desidratada e fibra de madeira. 1 Graveto extra forte - Dimensões 3 x 17 cm Composição: Biocomposto vegetal, fibra de...	in stock	new	322.00 BRL	209.30 BRL	https://www.biobonebrazil.com.br/porte-m-mordida-extra-forte?utm_source=Site&utm_medium=Facebook&utm_campaign=Facebook	https://cdn.awsli.com.br/800x800/2765/2765814/produto/403449053/23594834d242f779beb2df91414124dc-og1au1nrf4.png	Biobone	OFERTAS	
14244	COMBO PORTE G - MORDIDA EXTRA FORTE	Projetado para cães de grande porte. Traz mordedores robustos e de maior resistência, prontos para suportar forças de mordida intensas. Neste combo contém: 1 Ossão Gigante Extra forte carne - Dimensões 8 x 23 cm 1 Argola Grande extra forte carne - Dimensões 15 x 15 cm 1 Triângulo Grande extra forte carne - Dimensões 16 x 16 cm 1 Asterisco Grande extra forte carne - Dimensões 15 x 15 cm Composição: Biocomposto vegetal, carne bovina desidratada e fibra de	in stock	new	545.00 BRL	327.00 BRL	https://www.biobonebrazil.com.br/porte-g-mordida-extra-forte?utm_source=Site&utm_medium=Facebook&utm_campaign=Facebook	https://cdn.awsli.com.br/800x800/2765/2765814/produto/403449050/ca06d5ba31028e159afca6919f434a8e-1hthhrx28k.png	Bio Bone	OFERTAS	
APL	ASTERISCO PEQUENO LARANJA - MORDIDA MODERADA	Conheça a Biobone A Biobone é uma nova geração de produtos para cães: feita à base de plantas, biodegradável e 100% livre de plástico . Criamos uma alternativa real aos materiais sintéticos, unindo tecnologia, segurança e sustentabilidade para atender ao instinto natural de mastigação dos cães. Seu cão ama roer — e a Biobone foi feita exatamente pra isso. 🌱 Do que é feita? A Biobone é produzida através da fermentação do bagaço de cana-de-açúcar — um processo natural, semelhante ao da kombucha ou do pão de...	in stock	new	79.00 BRL		https://www.biobonebrazil.com.br/asterisco-pequeno-laranja?utm_source=Site&utm_medium=Facebook&utm_campaign=Facebook	https://cdn.awsli.com.br/800x800/2765/2765814/produto/352072543/cb6e0321ba034e36add91757d5b06a7d-58mvbrs80k.png	Zero Plastic	PORTE PEQUENO	7898975377127
RM	RAIO MADEIRA - MORDIDA EXTRA FORTE	Conheça a Biobone A Biobone é uma nova geração de produtos para cães: feita à base de plantas, biodegradável e 100% livre de plástico . Criamos uma alternativa real aos materiais sintéticos, unindo tecnologia, segurança e sustentabilidade para atender ao instinto natural de mastigação dos cães. Seu cão ama roer — e a Biobone foi feita exatamente pra isso. 🌱 Do que é feita? A Biobone é produzida através da fermentação do bagaço de cana-de-açúcar — um processo natural, semelhante ao da kombucha ou do pão de...	in stock	new	89.00 BRL	82.10 BRL	https://www.biobonebrazil.com.br/raio-madeira-mordida-extra-forte?utm_source=Site&utm_medium=Facebook&utm_campaign=Facebook	https://cdn.awsli.com.br/800x800/2765/2765814/produto/402201668/b47371c6f42145209440ebd01271d136-oc3zrp7ezo.png	Bio Bone	LANÇAMENTOS	7898975377561
COGCA	COGUMELO CARNE - MORDIDA EXTRA FORTE	Conheça a Biobone A Biobone é uma nova geração de produtos para cães: feita à base de plantas, biodegradável e 100% livre de plástico . Criamos uma alternativa real aos materiais sintéticos, unindo tecnologia, segurança e sustentabilidade para atender ao instinto natural de mastigação dos cães. Seu cão ama roer — e a Biobone foi feita exatamente pra isso. 🌱 Do que é feita? A Biobone é produzida através da fermentação do bagaço de cana-de-açúcar — um processo natural, semelhante ao da kombucha ou do pão de...	in stock	new	69.00 BRL	62.10 BRL	https://www.biobonebrazil.com.br/cogumelo-carne-mordida-extra-forte?utm_source=Site&utm_medium=Facebook&utm_campaign=Facebook	https://cdn.awsli.com.br/800x800/2765/2765814/produto/403286807/56656025df6b418294dc138643adb11a-0k9a76mknd.png	Zero Plastic	LANÇAMENTOS	7898975377608
14242	COMBO PORTE G - MORDIDA MODERADA	Projetado para cães de grande porte. Traz mordedores robustos e de maior resistência, prontos para suportar forças de mordida intensas. Neste combo contém: 1 Ossão Gigante moderado laranja - Dimensões 8 x 23 cm 1 Argola Grande moderado laranja - Dimensões 15 x 15 cm 1 Triângulo Grande moderado laranja - Dimensões 16 x 16 cm 1 Asterisco Grande moderado laranja - Dimensões 15 x 15 cm Composição: Biocomposto vegetal, fibra de laranja desidratada, cálcio e pigmento de grau	in stock	new	545.00 BRL	327.00 BRL	https://www.biobonebrazil.com.br/porte-g-mordida-moderada?utm_source=Site&utm_medium=Facebook&utm_campaign=Facebook	https://cdn.awsli.com.br/800x800/2765/2765814/produto/403449052/210a0aa1dc7b4156c662687c86d58dae-2rvhmjm1au.png	Biobone	OFERTAS	
BSMC	BioSnacks - Maçã com Canela	Petisco Natural de Maçã com Canela – BioBone Saudável, nutritivo e feito com ingredientes que você reconhece! Nosso petisco de Maçã com Canela é uma opção 100% natural para quem busca oferecer ao pet uma alimentação mais consciente e equilibrada. Feito artesanalmente, à mão, com apenas 5 ingredientes : maçã, canela, fatinha de aveia, ovo e óleo de coco. Nada além disso. Sem conservantes. Sem corantes. Sem aditivos químicos. E claro, sem glúten. A conservação do produto acontece de forma natural, graças à...	in stock	new	39.00 BRL		https://www.biobonebrazil.com.br/biosnacks-maca-com-canela?utm_source=Site&utm_medium=Facebook&utm_campaign=Facebook	https://cdn.awsli.com.br/800x800/2765/2765814/produto/356143814/7898975377202-2-gnnsv57zy8.png	Bio Bone	PETISCOS	7898975377233
14280	ASTERISCO GRANDE + TRIANGULO PEQUENO - MORDIDA MODERADA	Combina o formato 360° do Asterisco, que permite ao pet explorar diferentes lados do mordedor, ao design do Triângulo, com múltiplos pontos de apoio. Uma dupla que amplia as possibilidades durante o ato de roer.ASTERISCO Neste combo contém: 1 Asterisco Grande moderado laranja - Dimensões 15 x 15 cm 1 Triângulo Pequeno moderado laranja - Dimensões 13 x 12,6 cm Composição: Biocomposto vegetal, fibra de laranja desidratada, cálcio e pigmento de grau	in stock	new	207.00 BRL	124.20 BRL	https://www.biobonebrazil.com.br/asterisco-grande-triangulo-pequeno-mordida-moderada?utm_source=Site&utm_medium=Facebook&utm_campaign=Facebook	https://cdn.awsli.com.br/800x800/2765/2765814/produto/403680551/f30dc4adaef6cd42951314dca65969ab-4sls3rd8r1.png	Bio Bone	PORTE MÉDIO > MORDIDA MODERADA	
14273	TRIANGULO GRANDE + GIGANTE - MORDIDA FORTE	Combina o design do Triângulo, com diferentes pontos de apoio para o pet explorar, à estrutura robusta do Ossão Gigante. Dois formatos distintos que trazem mais variedade para os momentos dedicados ao ato de roer do pet. Neste combo contém: 1 Triângulo Grande Forte Cana - Dimensões 16 x 16 cm 1 Ossão Gigante Forte Cana - Dimensões 8 x 23 cm Composição: Biocomposto vegetal, fibra de cana desidratada, espirulina, cálcio e pigmento de grau	in stock	new	288.00 BRL	172.80 BRL	https://www.biobonebrazil.com.br/triangulo-grande-gigante-mordida-forte?utm_source=Site&utm_medium=Facebook&utm_campaign=Facebook	https://cdn.awsli.com.br/800x800/2765/2765814/produto/403680559/56f25bc0783eaf07bc3594de0dbc07c4-3ye3rs4im9.png	Bio Bone	PORTE GRANDE > MORDIDA FORTE	
14279	TRIANGULO GRANDE + GIGANTE - MORDIDA MODERADA	Combina o design do Triângulo, com diferentes pontos de apoio para o pet explorar, à estrutura robusta do Ossão Gigante. Dois formatos distintos que trazem mais variedade para os momentos dedicados ao ato de roer do pet. Neste combo contém: 1 Triângulo Grande moderado - Dimensões 16 x 16 cm 1 Ossão Gigante moderado - Dimensões 8 x 23 cm Composição: Biocomposto vegetal, fibra de laranja desidratada, cálcio e pigmento de grau	in stock	new	288.00 BRL	172.80 BRL	https://www.biobonebrazil.com.br/triangulo-grande-gigante-mordida-moderada?utm_source=Site&utm_medium=Facebook&utm_campaign=Facebook	https://cdn.awsli.com.br/800x800/2765/2765814/produto/403680554/a410eaa4eb814181264958fef48fd81d-yrb4e8rnzv.png	Bio Bone	PORTE GRANDE > MORDIDA MODERADA	
14278	ARGOLA GRANDE + GIGANTE - MORDIDA MODERADA	Une dois mordedores robustos com propostas diferentes para a rotina do pet. A Argola também permite brincadeiras interativas, como cabo de guerra entre o cão e seu tutor, enquanto o Ossão Gigante oferece uma estrutura maior para os momentos de roer. Uma combinação que contribui para o enriquecimento ambiental e a interação com o pet. Neste combo contém: 1 Argola Grande moderado laranja - Dimensões 15 x 15 cm 1 Ossão Gigante moderado laranja - Dimensões 8 x 23 cm Composição: Biocomposto vegetal, fibra de...	in stock	new	288.00 BRL	172.80 BRL	https://www.biobonebrazil.com.br/argola-grande-gigante-mordida-moderada?utm_source=Site&utm_medium=Facebook&utm_campaign=Facebook	https://cdn.awsli.com.br/800x800/2765/2765814/produto/403680552/a88b6754bf68b1bf7c6928091310de6a-bhxxnvcllk.png	Biobone	PORTE GRANDE > MORDIDA MODERADA	
14269	RAIO CARNE + OSSÃO - MORDIDA EXTRA FORTE	Combina o formato dinâmico do Raio, com diferentes pontos de apoio, à estrutura clássica do Ossão Médio. Uma dupla com formatos distintos que traz mais variedade para os momentos de roer do pet. Neste combo contém: 1 Raio extra forte carne - Dimensões 8,3 x 16 cm 1 Ossão Médio extra forte carne - Dimensões 8 x 15,6 cm Composição: Biocomposto vegetal, carne bovina desidratada e fibra de	in stock	new	154.00 BRL	92.40 BRL	https://www.biobonebrazil.com.br/raio-carne-ossao-mordida-extra-forte?utm_source=Site&utm_medium=Facebook&utm_campaign=Facebook	https://cdn.awsli.com.br/800x800/2765/2765814/produto/403680563/f454722e153018591a9163df30148408-naxtqs4l6p.png	Bio Bone	PORTE MÉDIO > MORDIDA EXTRA FORTE	
14211	RAIO CARNE DOBROU - MORDIDA EXTRA FORTE	Combo ideal para cães de pequeno e médio porte. Mordedores com formatos dinâmicos que facilitam a preensão e estimulam a mastigação saudável de forma divertida. Neste combo contém: 2 Raio extra Forte Carne - Dimensões 8,3 x 16 cm Composição: Biocomposto vegetal, carne bovina desidratada e fibra de	in stock	new	178.00 BRL	89.00 BRL	https://www.biobonebrazil.com.br/raio-carne?utm_source=Site&utm_medium=Facebook&utm_campaign=Facebook	https://cdn.awsli.com.br/800x800/2765/2765814/produto/403305417/b8fd67cd320449e3bce0bba848cdccdd-vofyxtf0q7.png	Biobone	PORTE MÉDIO > MORDIDA EXTRA FORTE	
MGCA	OSSÃO 2.0 RECHEAVEL CARNE - MORDIDA EXTRA FORTE	Conheça a Biobone A Biobone é uma nova geração de produtos para cães: feita à base de plantas, biodegradável e 100% livre de plástico . Criamos uma alternativa real aos materiais sintéticos, unindo tecnologia, segurança e sustentabilidade para atender ao instinto natural de mastigação dos cães. Seu cão ama roer — e a Biobone foi feita exatamente pra isso. 🌱 Do que é feita? A Biobone é produzida através da fermentação do bagaço de cana-de-açúcar — um processo natural, semelhante ao da kombucha ou do pão de...	in stock	new	65.00 BRL		https://www.biobonebrazil.com.br/ossao-sabor-carne-mordida-extra-forte?utm_source=Site&utm_medium=Facebook&utm_campaign=Facebook	https://cdn.awsli.com.br/800x800/2765/2765814/produto/390519631/7593b80f4676464eafe27bdc0d402b44-bsivputcep.png	Zero Plastic	PORTE MÉDIO > MORDIDA EXTRA FORTE	7898975377332
14270	OSSINHO + COGUMELO - MORDIDA EXTRA FORTE	Une o formato alongado do Ossinho ao design diferenciado do Cogumelo. Dois formatos que oferecem diferentes maneiras de explorar o mordedor e ajudam a variar os momentos dedicados ao ato de roer do pet. Neste combo contém: 1 Ossinho extra forte carne - Dimensões 3,5 x 14 cm 1 Cogumelo extra forte carne - Dimensões 7,6 x 8,8 cm Composição: Biocomposto vegetal, carne bovina desidratada e fibra de	in stock	new	114.00 BRL	68.40 BRL	https://www.biobonebrazil.com.br/ossinho-cogumelo-mordida-extra-forte?utm_source=Site&utm_medium=Facebook&utm_campaign=Facebook	https://cdn.awsli.com.br/800x800/2765/2765814/produto/403680562/63afd02334158811400aa1d670db3831-gerhx4zmv9.png	Bio Bone	PORTE PEQUENO > MORDIDA EXTRA FORTE	
14267	ASTERISCO GRANDE + TRIANGULO PEQUENO - MORDIDA EXTRA FORTE	Combina o formato 360° do Asterisco, que permite ao pet explorar diferentes lados do mordedor, ao design do Triângulo, com múltiplos pontos de apoio. Uma dupla que amplia as possibilidades durante o ato de roer. Neste combo contém: 1 Asterisco Grande extra forte carne - Dimensões 15 x 15 cm 1 Triângulo Pequeno extra forte carne - Dimensões 13 x 12,6 cm Composição: Biocomposto vegetal, carne bovina desidratada e fibra de	in stock	new	207.00 BRL	124.20 BRL	https://www.biobonebrazil.com.br/asterisco-grande-triangulo-pequeno-mordida-extra-forte?utm_source=Site&utm_medium=Facebook&utm_campaign=Facebook	https://cdn.awsli.com.br/800x800/2765/2765814/produto/403680566/25c9d10adfb1ae662d70456cf60b411e-lgx2avli9p.png	Biobone	PORTE MÉDIO > MORDIDA EXTRA FORTE	
MPC	OSSINHO CANA - MORDIDA FORTE	Conheça a Biobone A Biobone é uma nova geração de produtos para cães: feita à base de plantas, biodegradável e 100% livre de plástico . Criamos uma alternativa real aos materiais sintéticos, unindo tecnologia, segurança e sustentabilidade para atender ao instinto natural de mastigação dos cães. Seu cão ama roer — e a Biobone foi feita exatamente pra isso. 🌱 Do que é feita? A Biobone é produzida através da fermentação do bagaço de cana-de-açúcar — um processo natural, semelhante ao da kombucha ou do pão de...	in stock	new	45.00 BRL		https://www.biobonebrazil.com.br/ossinho-pequeno-cana-de-acucar?utm_source=Site&utm_medium=Facebook&utm_campaign=Facebook	https://cdn.awsli.com.br/800x800/2765/2765814/produto/301602248/600f25c59188409091a6119ec106e59b-5g3m8hndpp.png	Zero Plastic	PORTE PEQUENO	
14239	COMBO PORTE M - MORDIDA MODERADA	Desenvolvido para cães de porte médio. Combina mordedores com peso e ergonomia adequados para garantir encaixe perfeito nas patas e mandíbulas intermediárias. Neste combo contém: 1 Ossão Médio moderado laranja - Dimensões 8 x 15,6 cm 1 Raio moderado laranja - Dimensões 8,3 x 16 cm 1 Triângulo Pequeno moderado laranja - Dimensões 13 x 12,6 cm Composição: Biocomposto vegetal, fibra de laranja desidratada, cálcio e pigmento de grau alimentício. 1 Graveto extra forte - Dimensões 3 x 17 cm Composição:...	in stock	new	322.00 BRL	209.30 BRL	https://www.biobonebrazil.com.br/porte-m-mordida-moderada?utm_source=Site&utm_medium=Facebook&utm_campaign=Facebook	https://cdn.awsli.com.br/800x800/2765/2765814/produto/403449055/a18a0fd2988f791dfc34845d54947735-nb7zfekbs3.png	Bio Bone	OFERTAS	
14236	COMBO PORTE P - MORDIDA MODERADA	Combo ideal para cães de pequeno porte. Inclui mordedores anatômicos de dimensões reduzidas que facilitam a preensão e estimulam a mastigação saudável e o entretenimento do pet. Neste combo contém: 1 Ossinho moderado laranja - Dimensões 3,5 x 14 cm 1 Cogumelo moderado laranja - Dimensões 7,6 x 8,8 cm 1 Ferradura moderado laranja - Dimensões 9,5 x 10,8 cm Composição: Biocomposto vegetal, fibra de laranja desidratada, cálcio e pigmento de grau alimentício. 1 Peixe moderado - Dimensões 3 x 13 cm Composição:...	in stock	new	217.90 BRL	152.53 BRL	https://www.biobonebrazil.com.br/porte-p-mordida-moderada?utm_source=Site&utm_medium=Facebook&utm_campaign=Facebook	https://cdn.awsli.com.br/800x800/2765/2765814/produto/403449058/3322a0c11799ce5fe955c3bdab73b77a-vm7tu07865.png	Bio Bone	OFERTAS	
APC	ASTERISCO PEQUENO CANA - MORDIDA FORTE	Conheça a Biobone A Biobone é uma nova geração de produtos para cães: feita à base de plantas, biodegradável e 100% livre de plástico . Criamos uma alternativa real aos materiais sintéticos, unindo tecnologia, segurança e sustentabilidade para atender ao instinto natural de mastigação dos cães. Seu cão ama roer — e a Biobone foi feita exatamente pra isso. 🌱 Do que é feita? A Biobone é produzida através da fermentação do bagaço de cana-de-açúcar — um processo natural, semelhante ao da kombucha ou do pão de...	in stock	new	79.00 BRL		https://www.biobonebrazil.com.br/asterisco-pequeno-cana-de-acucar?utm_source=Site&utm_medium=Facebook&utm_campaign=Facebook	https://cdn.awsli.com.br/800x800/2765/2765814/produto/352072553/abcf818c08914162b1615d694c121b1a-1ey85o2ytl.png	Zero Plastic	PORTE PEQUENO	7898975377134
FERC	FERRADURA CANA - MORDIDA FORTE	Conheça a Biobone A Biobone é uma nova geração de produtos para cães: feita à base de plantas, biodegradável e 100% livre de plástico . Criamos uma alternativa real aos materiais sintéticos, unindo tecnologia, segurança e sustentabilidade para atender ao instinto natural de mastigação dos cães. Seu cão ama roer — e a Biobone foi feita exatamente pra isso. 🌱 Do que é feita? A Biobone é produzida através da fermentação do bagaço de cana-de-açúcar — um processo natural, semelhante ao da kombucha ou do pão de...	in stock	new	69.00 BRL	62.10 BRL	https://www.biobonebrazil.com.br/ferradura-cana-mordida-forte?utm_source=Site&utm_medium=Facebook&utm_campaign=Facebook	https://cdn.awsli.com.br/800x800/2765/2765814/produto/403286804/25222c4d18374898ba9a89e6e367b2e3-39s8qa0ys4.png	Zero Plastic	LANÇAMENTOS	7898975377660
14274	ASTERISCO GRANDE + TRIANGULO PEQUENO - MORDIDA FORTE	Combina o formato 360° do Asterisco, que permite ao pet explorar diferentes lados do mordedor, ao design do Triângulo, com múltiplos pontos de apoio. Uma dupla que amplia as possibilidades durante o ato de roer. Neste combo contém: 1 Asterisco Grande Forte Cana - Dimensões 15 x 15 cm 1 Triângulo Pequeno Forte Cana - Dimensões 13 x 12,6 cm Composição: Biocomposto vegetal, fibra de cana desidratada, espirulina, cálcio e pigmento de grau	in stock	new	207.00 BRL	124.20 BRL	https://www.biobonebrazil.com.br/asterisco-grande-triangulo-pequeno-mordida-forte?utm_source=Site&utm_medium=Facebook&utm_campaign=Facebook	https://cdn.awsli.com.br/800x800/2765/2765814/produto/403680558/9c3f12a9dac29d44df58aa09adda8ffd-37su1gpjsj.png	Bio Bone	PORTE MÉDIO > MORDIDA FORTE	
14251	COGUMELO CARNE DOBROU - MORDIDA EXTRA FORTE	Combo ideal para cães de pequeno porte. Inclui mordedores anatômicos de dimensões reduzidas que facilitam a preensão e estimulam a mastigação e o instinto de roer. Neste combo contém: 2 Cogumelo Extra forte Carne - Dimensões 7,6 x 8,8 cm Composição: Biocomposto vegetal, carne bovina desidratada e fibra de	in stock	new	138.00 BRL	69.00 BRL	https://www.biobonebrazil.com.br/cogumelo-carne?utm_source=Site&utm_medium=Facebook&utm_campaign=Facebook	https://cdn.awsli.com.br/800x800/2765/2765814/produto/403544147/6baa7550b8d45ab84870544126314538-6k8caub26g.png	Zero Plastic	PORTE PEQUENO > MORDIDA EXTRA FORTE	7898975377608
14281	RAIO + OSSÃO LARANJA - MORDIDA MODERADA	Combina o formato dinâmico do Raio, com diferentes pontos de apoio, à estrutura clássica do Ossão Médio. Uma dupla com formatos distintos que traz mais variedade para os momentos de roer do pet. Neste combo contém: 1 Raio moderado laranja - Dimensões 8,3 x 16 cm 1 Ossão Médio moderado laranja - Dimensões 8 x 15,6 cm Composição: Biocomposto vegetal, carne bovina desidratada, cálcio e pigmento de grau	in stock	new	154.00 BRL	92.40 BRL	https://www.biobonebrazil.com.br/raio-ossao-carne-mordida-moderada?utm_source=Site&utm_medium=Facebook&utm_campaign=Facebook	https://cdn.awsli.com.br/800x800/2765/2765814/produto/403680550/c9e6061303a488666405bfe707f263c4-b1b7ag38wj.png	Bio Bone	PORTE MÉDIO > MORDIDA MODERADA	
BSBA	BioSnacks - Banana com Alfarroba	Petisco Natural de Banana e Alfarroba – BioBone Saudável, nutritivo e feito com ingredientes que você reconhece! Nosso petisco de banana e alfarroba é uma opção 100% natural para quem busca oferecer ao pet uma alimentação mais consciente e equilibrada. Feito artesanalmente, à mão, com apenas 5 ingredientes : banana nanica, alfarroba em pó, farinha de aveia sem glúten, ovo e óleo de coco. Nada além disso. Sem conservantes. Sem corantes. Sem aditivos químicos. E claro, sem glúten. A conservação do produto...	in stock	new	39.00 BRL		https://www.biobonebrazil.com.br/biosnacks-banana-com-alfarroba?utm_source=Site&utm_medium=Facebook&utm_campaign=Facebook	https://cdn.awsli.com.br/800x800/2765/2765814/produto/346651793/7898975377202-3-lk95o1y2s2.png	Zero Plastic	PETISCOS	7898975377226
14252	COGUMELO MADEIRA DOBROU - MORDIDA EXTRA FORTE	Conheça a Biobone A Biobone é uma nova geração de produtos para cães: feita à base de plantas, biodegradável e 100% livre de plástico . Criamos uma alternativa real aos materiais sintéticos, unindo tecnologia, segurança e sustentabilidade para atender ao instinto natural de mastigação dos cães. Seu cão ama roer — e a Biobone foi feita exatamente pra isso. 🌱 Do que é feita? A Biobone é produzida através da fermentação do bagaço de cana-de-açúcar — um processo natural, semelhante ao da kombucha ou do pão de...	in stock	new	138.00 BRL	69.00 BRL	https://www.biobonebrazil.com.br/cogumelo-madeira?utm_source=Site&utm_medium=Facebook&utm_campaign=Facebook	https://cdn.awsli.com.br/800x800/2765/2765814/produto/403544141/a0032d189e5973da685ac8df3588dfe2-2i7eu7mg5c.png	Zero Plastic	PORTE PEQUENO > MORDIDA EXTRA FORTE	7898975377592
14266	TRIANGULO GRANDE + GIGANTE - MORDIDA EXTRA FORTE	Combina o design do Triângulo, com diferentes pontos de apoio para o pet explorar, à estrutura robusta do Ossão Gigante. Dois formatos distintos que trazem mais variedade para os momentos dedicados ao ato de roer do pet. Neste combo contém: 1 Triângulo Grande extra forte carne - Dimensões 16 x 16 cm 1 Ossão Gigante extra forte carne - Dimensões 8 x 23 cm Composição: Biocomposto vegetal, carne bovina desidratada e fibra de	in stock	new	288.00 BRL	172.80 BRL	https://www.biobonebrazil.com.br/triangulo-grande-gigante-mordida-extra-forte?utm_source=Site&utm_medium=Facebook&utm_campaign=Facebook	https://cdn.awsli.com.br/800x800/2765/2765814/produto/403680567/0e350594b463525e0cc2cd31839f99ea-2u3knakip2.png	Bio Bone	PORTE GRANDE > MORDIDA EXTRA FORTE	
AGC	ASTERISCO GRANDE CANA - MORDIDA FORTE	#descricao { font-family: 'Segoe UI', Arial, sans-serif; color: #2e2e2e; line-height: 1.75; font-size: 15px; } #descricao h2 { font-size: 28px; font-weight: 700; color: #1a1a1a; margin-bottom: 12px; border-left: 4px solid #4caf50; padding-left: 12px; } #descricao p { margin-bottom: 10px; color: #444; } #descricao ul { padding-left: 20px; margin-bottom: 12px; } #descricao ul li { margin-bottom: 4px; color: #444; list-style: disc; } #descricao hr { border: none; border-top: 1px solid #e0e0e0; margin: 24px 0;...	in stock	new	118.00 BRL		https://www.biobonebrazil.com.br/asterisco-grande-cana-de-acucar?utm_source=Site&utm_medium=Facebook&utm_campaign=Facebook	https://cdn.awsli.com.br/800x800/2765/2765814/produto/352072513/fb238a987e774f03a82b3ab85155577c-h704otkcum.png	Zero Plastic	PORTE MÉDIO	7898975377165
14265	GIGANTE + ARGOLA - MORDIDA EXTRA FORTE	Une dois mordedores robustos com propostas diferentes para a rotina do pet. A Argola também permite brincadeiras interativas, como cabo de guerra entre o cão e seu tutor, enquanto o Ossão Gigante oferece uma estrutura maior para os momentos de roer. Uma combinação que contribui para o enriquecimento ambiental e a interação com o pet. Neste combo contém: 1 Argola Grande extra forte carne - Dimensões 15 x 15 cm 1 Ossão Gigante extra forte carne - Dimensões 8 x 23 cm Composição: Biocomposto vegetal, carne...	in stock	new	288.00 BRL	172.80 BRL	https://www.biobonebrazil.com.br/gigante-argola-mordida-extra-forte?utm_source=Site&utm_medium=Facebook&utm_campaign=Facebook	https://cdn.awsli.com.br/800x800/2765/2765814/produto/403680568/d1f640b98a0fd3532a35b899f3fa4e17-9s8mqkj38y.png	Bio Bone	PORTE GRANDE > MORDIDA EXTRA FORTE	
14276	OSSINHO CARNE + COGUMELO - MORDIDA FORTE	Une o formato alongado do Ossinho ao design diferenciado do Cogumelo. Dois formatos que oferecem diferentes maneiras de explorar o mordedor e ajudam a variar os momentos dedicados ao ato de roer do pet. Neste combo contém: 1 Ossinho Forte Carne - Dimensões 3,5 x 14 cm Composição: Biocomposto vegetal, carne bovina desidratada, cálcio e pigmento de grau alimentício. 1 Cogumelo Forte Cana - Dimensões 7,6 x 8,8 cm Composição: Biocomposto vegetal, fibra de cana desidratada, espirulina, cálcio e pigmento de grau...	in stock	new	114.00 BRL	68.40 BRL	https://www.biobonebrazil.com.br/ossinho-carne-cogumelo-mordida-forte?utm_source=Site&utm_medium=Facebook&utm_campaign=Facebook	https://cdn.awsli.com.br/800x800/2765/2765814/produto/403680556/9767c9f85ec364b324ed53e2ee701bad-u4kuhyey8c.png	Bio Bone	PORTE PEQUENO > MORDIDA FORTE	
14228	CHAVEIRO ARGOLA CANA	CHAVEIRO ARGOLA CANA	in stock	new	9.90 BRL		https://www.biobonebrazil.com.br/chaveiro-argola-cana?utm_source=Site&utm_medium=Facebook&utm_campaign=Facebook	https://cdn.awsli.com.br/800x800/2765/2765814/produto/403286819/0ba8c3fe0c974dccb3707d6f200c973e-3opfj7t7hx.png	Bio Bone	Sem categoria	
14282	OSSINHO LARANJA + COGUMELO - MORDIDA MODERADA	Une o formato alongado do Ossinho ao design diferenciado do Cogumelo. Dois formatos que oferecem diferentes maneiras de explorar o mordedor e ajudam a variar os momentos dedicados ao ato de roer do pet. Neste combo contém: 1 Ossinho moderado laranja - Dimensões 3,5 x 14 cm 1 Cogumelo moderado laranja - Dimensões 7,6 x 8,8 cm Composição: Biocomposto vegetal, fibra de laranja desidratada, cálcio e pigmento de grau	in stock	new	114.00 BRL	68.40 BRL	https://www.biobonebrazil.com.br/ossinho-laranja-cogumelo-mordida-moderada?utm_source=Site&utm_medium=Facebook&utm_campaign=Facebook	https://cdn.awsli.com.br/800x800/2765/2765814/produto/403680548/8b199aafa37afc677fcca77e51ab294d-s4g8cna5uh.png	Bio Bone	PORTE PEQUENO > MORDIDA MODERADA	
14283	PEIXE + FERRADURA - MORDIDA MODERADA	Combina dois formatos compactos e versáteis para a rotina do pet. O Peixinho possui formato alongado, enquanto a Ferradura conta com diferentes pontos de apoio, proporcionando variedade na preensão e no ato de roer. Neste combo contém: 1 Peixe moderado - Dimensões 3x 13 cm Composição: Biocomposto vegetal, camarão (krill), cálcio e pigmento de grau alimentício. 1 Ferradura moderado laranja - Dimensões 9,5 x 10,8 cm Composição: Biocomposto vegetal, fibra de laranja desidratada, cálcio e pigmento de grau...	in stock	new	103.90 BRL	62.30 BRL	https://www.biobonebrazil.com.br/peixe-ferradura-mordida-moderada?utm_source=Site&utm_medium=Facebook&utm_campaign=Facebook	https://cdn.awsli.com.br/800x800/2765/2765814/produto/403680547/7d96f0fcefafa883329a7f885b4249e9-iatd0zetq5.png	Bio Bone	PORTE PEQUENO > MORDIDA MODERADA	
14212	RAIO LARANJA DOBROU - MORDIDA MODERADA	Combo ideal para cães de pequeno e médio porte. Mordedores com formatos dinâmicos que facilitam a preensão e estimulam a mastigação saudável de forma divertida. Neste combo contém: 2 Raio moderado laranja - Dimensões 8,3 x 16 cm Composição: Biocomposto vegetal, fibra de laranja desidratada, cálcio e pigmento de grau	in stock	new	178.00 BRL	89.00 BRL	https://www.biobonebrazil.com.br/raio-laranja?utm_source=Site&utm_medium=Facebook&utm_campaign=Facebook	https://cdn.awsli.com.br/800x800/2765/2765814/produto/403305418/a6dc7cf89af84a6a9493b7c3acc2ba19-3amor0kzhq.png	Biobone	PORTE MÉDIO > MORDIDA MODERADA	
14277	PEIXE + FERRADURA - MORDIDA FORTE	Combina dois formatos compactos e versáteis para a rotina do pet. O Peixinho possui formato alongado, enquanto a Ferradura conta com diferentes pontos de apoio, proporcionando variedade na preensão e no ato de roer. Neste combo contém: 1 Peixe Forte - Dimensões 3 x 13 cm Composição: Biocomposto vegetal, camarão (krill), cálcio e pigmento de grau alimentício. 1 Ferradura Forte Cana - Dimensões 9,5 x 10,8 cm Composição: Biocomposto vegetal, fibra de cana desidratada, espirulina, cálcio e pigmento de grau...	in stock	new	103.90 BRL	62.30 BRL	https://www.biobonebrazil.com.br/peixe-ferradura-mordida-forte?utm_source=Site&utm_medium=Facebook&utm_campaign=Facebook	https://cdn.awsli.com.br/800x800/2765/2765814/produto/403680555/09110925b97a8775da3b92ee3b1b4eff-ln4v7q7ryo.png	Bio Bone	PORTE PEQUENO > MORDIDA FORTE	
14271	PEIXE + FERRADURA - MORDIDA EXTRA FORTE	Combina dois formatos compactos e versáteis para a rotina do pet. O Peixinho possui formato alongado, enquanto a Ferradura conta com diferentes pontos de apoio, proporcionando variedade na preensão e no ato de roer. Neste combo contém: 1 Peixe extra forte - Dimensões 3 x 13 cm Composição: Biocomposto vegetal, camarão (krill) e fibras de madeira. 1 Ferradura extra forte carne - Dimensões 9,5 x 10,8 cm Composição: Biocomposto vegetal, carne bovina desidratada e fibra de	in stock	new	103.90 BRL	62.30 BRL	https://www.biobonebrazil.com.br/peixe-ferradura-mordida-extra-forte?utm_source=Site&utm_medium=Facebook&utm_campaign=Facebook	https://cdn.awsli.com.br/800x800/2765/2765814/produto/403680561/a1ce7a3fb593761b24f40a66ce98e216-hvu4ig5t1a.png	Bio Bone	PORTE PEQUENO > MORDIDA EXTRA FORTE	
GRAV-AMC	GRAVETO BIOBONE x AMICUS - MORDIDA EXTRA FORTE	Graveto Biobone + Amicus — o melhor dos dois mundos em um só mordedor 🌱🪵 A união entre Biobone e Amicus deu origem a um mordedor diferente de tudo: pensado para cães que amam roer e desenvolvido a partir do reaproveitamento de matérias-primas de origem vegetal. O Graveto Biobone + Amicus combina 30% de resíduos da madeira do café e serragem com 70% da resina vegetal Biobone , criando um material firme, resistente e com uma textura que torna a experiência de mastigação ainda mais interessante para o cão....	in stock	new	79.90 BRL		https://www.biobonebrazil.com.br/graveto-biobone-x-amicus?utm_source=Site&utm_medium=Facebook&utm_campaign=Facebook	https://cdn.awsli.com.br/800x800/2765/2765814/produto/403286799/ffedaa448163439b899154c354e87efa-5cwphy0vpe.png	Zero Plastic	LANÇAMENTOS	7898975377783
14275	RAIO + OSSÃO CARNE - MORDIDA FORTE	Combina o formato dinâmico do Raio, com diferentes pontos de apoio, à estrutura clássica do Ossão Médio. Uma dupla com formatos distintos que traz mais variedade para os momentos de roer do pet. Neste combo contém: 1 Raio Forte Cana - Dimensões 8,3 x 16 cm Composição: Biocomposto vegetal, fibra de cana desidratada, espirulina, cálcio e pigmento de grau alimentício. 1 Ossão Médio Forte Carne - Dimensões 8 x 15,6 cm Composição: Biocomposto vegetal, carne bovina desidratada, cálcio e pigmento de grau...	in stock	new	154.00 BRL	92.40 BRL	https://www.biobonebrazil.com.br/raio-ossao-carne-mordida-forte?utm_source=Site&utm_medium=Facebook&utm_campaign=Facebook	https://cdn.awsli.com.br/800x800/2765/2765814/produto/403680557/c2247ea1b3def58f82c6d1455522e73d-cx6yh74atm.png	Bio Bone	PORTE MÉDIO > MORDIDA FORTE	
